ID ученика,Возраст,Создан,ID группы,Записан в группу,Преподаватель,Всего запланировано уроков в группе,Прошло уроков в группе,Старт группы,Последний визит,Посещаемость,Отчислен,Тип курса
217013,,28/03/19,21712,28/03/19,Олег,32,4,25/03/19,15/04/19,"0,1,1,1",,8-12
216066,8,25/03/19,21712,25/03/19,Олег,32,4,25/03/19,,"0,0,0,0",25/03/19,8-12
216052,10,25/03/19,21712,25/03/19,Олег,32,4,25/03/19,08/04/19,"1,1,1,0",,8-12
216044,11,25/03/19,21712,25/03/19,Олег,32,4,25/03/19,15/04/19,"1,1,1,1",,8-12
214869,7,21/03/19,21712,21/03/2019,Олег,32,4,25/03/19,01/04/19,"1,1,0,0",09/04/19,8-12
214194,7,19/03/19,21712,26/03/2019,Олег,32,4,25/03/19,15/04/19,"0,1,0,1",,8-12
210626,5,13/03/19,21712,21/03/2019,Олег,32,4,25/03/19,,"0,0,0,0",26/03/19,8-12
210620,8,13/03/19,21712,19/03/2019,Олег,32,4,25/03/19,16/04/19,"1,1,1,1",,8-12
207907,10,06/03/19,21712,19/03/2019,Олег,32,4,25/03/19,15/04/19,"1,1,1,1",,8-12
207320,,04/03/19,21583,04/03/2019,Николай,32,1,03/03/19,04/03/19,0,,5-7
207319,,04/03/19,21583,04/03/2019,Николай,32,1,03/03/19,04/03/19,0,,5-7
207009,,03/03/19,21583,03/03/2019,Николай,32,1,03/03/19,03/03/19,1,,5-7
206620,10,02/03/19,17441,11/03/2019,Мария ,32,13,23/01/19,10/04/19,"0,0,0,0,0,0,0,1,1,1,1,1,0",18/04/19,8-12
205753,8,28/02/19,21712,05/03/2019,Олег,32,4,25/03/19,19/04/19,"1,1,1,1",,8-12
205328,10,27/02/19,21094,07/03/2019,Олег,32,6,11/03/19,01/04/19,"1,1,1,0,0",17/04/19,8-12
205297,9,27/02/19,21094,05/03/2019,Олег,32,6,11/03/19,01/04/19,"1,1,1,0,0",08/04/19,8-12
205173,10,27/02/19,21094,05/03/19,Олег,32,6,11/03/19,04/03/19,"0,0,0,0,0",21/03/19,8-12
205170,10,27/02/19,21094,05/03/19,Олег,32,6,11/03/19,22/04/19,"0,1,1,1,1",,8-12
204672,9,25/02/19,21094,05/03/19,Олег,32,6,11/03/19,08/04/19,"0,1,1,1,0",,8-12
204668,12,25/02/19,21712,"43,531.00",Олег,32,4,25/03/19,15/04/19,"1,1,0,1",,8-12
204662,9,25/02/19,21094,"43,545.00",Олег,32,6,11/03/19,22/04/19,"0,0,1,1,1",,8-12
203218,11,21/02/19,21094,07/03/19,Олег,32,6,11/03/19,22/04/19,"1,1,1,0,1",,8-12
202472,10,19/02/19,21094,25/02/19,Олег,32,6,11/03/19,22/04/19,"1,1,1,1,1",,8-12
199906,9,11/02/19,21094,21/02/19,Олег,32,6,11/03/19,22/04/19,"1,0,0,1,1",,8-12
196398,12,01/02/19,21712,07/03/19,Олег,32,4,25/03/19,02/02/19,"0,0,0,0",21/03/19,8-12
193001,10,24/01/19,21094,21/02/19,Олег,32,6,11/03/19,22/04/19,"1,1,1,1,1",,8-12
192639,9,23/01/19,17441,23/01/19,Мария ,32,13,23/01/19,,"0,0,0,0,0,0,0,0,0,0,0,0,0",30/01/19,8-12
189193,10,14/01/19,19532,14/01/19,Мария ,32,11,29/01/19,12/02/19,"1,1,1,0,0,0,0,0,0,0,0",25/02/19,8-12
189192,10,14/01/19,19532,14/01/19,Мария ,32,11,29/01/19,12/02/19,"1,1,1,0,0,0,0,0,0,0,0",19/02/19,8-12
188251,8,11/01/19,19532,17/01/19,Мария ,32,11,29/01/19,16/04/19,"1,1,1,1,1,1,1,1,1,1,1",,8-12
188249,10,11/01/19,19532,"43,482.00",Мария ,32,11,29/01/19,16/04/19,"1,1,1,1,1,1,1,1,1,1,1",,8-12
188179,23,11/01/19,19532,"43,482.00",Мария ,32,11,29/01/19,11/04/19,"1,0,0,1,1,0,0,0,1,1,0",,8-12
188164,7,11/01/19,19532,"43,482.00",Мария ,32,11,29/01/19,24/01/19,"0,0,0,0,0,0,0,0,0,0,0",28/01/19,8-12
171790,10,03/12/18,17441,03/12/18,Мария ,32,13,23/01/19,,"0,0,0,0,0,0,0,0,0,0,0,0,0",20/01/19,8-12
171772,7,03/12/18,17441,18/12/18,Мария ,32,13,23/01/19,08/12/18,"0,0,0,0,0,0,0,0,0,0,0,0,0",20/01/19,8-12
170611,8,29/11/18,21712,26/03/19,Олег,32,4,25/03/19,,"0,0,0,0",02/04/19,8-12
168114,8,22/11/18,16270,13/03/19,Олег,32,19,10/11/18,30/03/19,"0,0,0,0,0,0,0,0,0,0,0,0,0,1,1,1,0,0,0",,8-12
166691,8,19/11/18,16270,11/03/19,Олег,32,19,10/11/18,20/04/19,"0,0,0,0,0,0,0,0,0,0,0,0,0,1,1,1,0,0,1",,8-12
165341,8,15/11/18,16270,11/03/19,Олег,32,19,10/11/18,22/04/19,"0,0,0,0,0,0,0,0,0,0,0,0,0,1,1,1,1,0,1",,8-12
165305,10,15/11/18,16270,15/11/18,Олег,32,19,10/11/18,20/04/19,"0,1,1,1,1,1,1,1,1,1,1,1,1,1,1,1,1,1,1",,8-12
162999,7,08/11/18,17441,15/11/18,Мария ,32,13,23/01/19,17/04/19,"1,1,0,0,0,1,1,1,1,1,1,1,1",,8-12
161980,10,06/11/18,17441,06/02/19,Мария ,32,13,23/01/19,17/04/19,"0,0,0,1,1,1,1,1,1,1,1,1,1",,8-12
161940,10,06/11/18,17441,14/01/19,Мария ,32,13,23/01/19,,"0,0,0,0,0,0,0,0,0,0,0,0,0",30/01/19,8-12
161938,11,06/11/18,16270,06/11/18,Олег,32,19,10/11/18,26/01/19,"0,1,1,1,1,0,1,0,0,0,0,0,0,0,0,0,0,0,0",02/02/19,8-12
161929,7,06/11/18,17441,19/11/18,Мария ,32,13,23/01/19,17/04/19,"1,0,1,1,1,1,0,1,1,1,0,1,1",,8-12
160616,7,01/11/18,19532,24/01/19,Мария ,32,11,29/01/19,18/04/19,"1,1,1,1,1,1,1,1,1,1,1",,8-12
158396,10,27/10/18,12710,04/12/18,Николай,31,21,14/10/18,21/04/19,"0,0,0,0,0,0,1,1,1,1,1,1,1,1,1,1,1,1,1,1,1",,8-12
157142,9,24/10/18,16270,27/10/18,Олег,32,19,10/11/18,13/04/19,"1,1,1,1,1,1,1,1,1,0,0,1,1,1,1,1,1,1,0",,8-12
157130,8,24/10/18,16270,24/10/18,Олег,32,19,10/11/18,,"0,0,0,0,0,0,0,0,0,0,0,0,0,0,0,0,0,0,0",15/11/18,8-12
155320,9,19/10/18,12710,19/10/18,Николай,31,21,14/10/18,13/01/19,"0,1,1,1,1,1,1,0,1,0,0,0,0,0,0,0,0,0,0,0,0",25/01/19,8-12
153370,10,16/10/18,16270,06/11/18,Олег,32,19,10/11/18,01/12/18,"1,1,1,0,0,0,0,0,0,0,0,0,0,0,0,0,0,0,0",15/12/18,8-12
153322,9,16/10/18,16270,27/10/18,Олег,32,19,10/11/18,20/04/19,"1,1,0,1,0,1,1,1,1,1,1,1,1,1,1,1,1,0,1",,8-12
149055,10,03/10/18,7730,03/10/18,Мария ,31,22,03/10/18,27/02/19,"1,0,1,1,1,1,1,1,1,0,1,1,1,0,1,1,1,0,0,0,0,0",28/03/19,8-12
150692,10,07/10/18,16270,21/10/18,Олег,32,19,10/11/18,20/04/19,"1,1,0,1,0,1,0,1,0,1,1,1,0,0,1,1,1,1,1",,8-12
150360,9,06/10/18,12710,09/10/18,Николай,31,21,14/10/18,21/04/19,"1,1,1,1,1,1,1,1,1,0,1,1,0,1,1,1,0,1,1,1,1",,8-12
150177,8,05/10/18,12710,13/10/18,Николай,31,21,14/10/18,05/03/19,"1,1,1,1,0,0,1,0,1,1,1,0,1,1,0,0,0,0,0,0,0",21/03/19,8-12
149056,10,03/10/18,7730,03/10/18,Мария ,31,22,03/10/18,17/04/19,"1,1,1,1,1,0,0,1,1,1,0,0,0,1,1,1,0,1,1,1,1,1",,8-12
149055,10,03/10/18,7730,03/10/18,Мария ,31,22,03/10/18,27/02/19,"1,0,1,1,1,1,1,1,1,0,1,1,1,0,1,1,1,0,0,0,0,0",28/03/19,8-12
145974,8,30/09/18,12710,05/10/18,Николай,31,21,14/10/18,21/04/19,"0,1,1,1,1,1,0,1,1,1,0,1,1,1,1,1,1,1,0,1,1",,8-12
138873,9,25/09/18,16270,21/10/18,Олег,32,19,10/11/18,20/10/18,"0,0,0,0,0,0,0,0,0,0,0,0,0,0,0,0,0,0,0",15/11/18,8-12
138810,12,25/09/18,7730,01/10/18,Мария ,31,22,03/10/18,17/04/19,"1,1,0,1,1,1,1,1,1,1,1,1,0,1,0,0,1,1,0,1,1,1",,8-12
134204,9,24/09/18,16270,08/11/18,Олег,32,19,10/11/18,23/03/19,"1,0,1,1,0,1,1,1,1,0,0,1,0,1,1,0,0,0,0",,8-12
134198,7,24/09/18,13866,24/09/18,Мария ,32,24,22/09/18,19/01/19,"0,1,1,1,1,1,1,1,1,1,1,1,0,0,0,0,0,0,0,0,0,0,0,0",26/01/19,8-12
134188,8,24/09/18,6957,01/10/18,Олег,32,24,22/09/18,16/02/19,"0,0,1,1,1,1,1,1,1,1,1,1,1,1,1,0,0,0,0,0,0,0,0,0",11/03/19,8-12
134204,9,24/09/18,16270,08/11/18,Олег,32,19,10/11/18,23/03/19,"1,0,1,1,0,1,1,1,1,0,0,1,0,1,1,0,0,0,0",,8-12
133830,9,23/09/18,12710,01/10/18,Николай,31,21,14/10/18,25/11/18,"1,1,0,1,1,0,0,0,0,0,0,0,0,0,0,0,0,0,0,0,0",04/12/18,8-12
133822,12,23/09/18,12710,01/10/18,Николай,31,21,14/10/18,31/03/19,"1,1,0,1,1,1,1,1,0,1,1,1,1,0,1,1,0,1,0,0,0",,8-12
133363,8,23/09/18,7727,23/09/18,Мария ,32,26,16/09/18,21/04/19,"1,1,1,1,1,1,1,1,1,1,1,1,1,1,1,1,1,1,1,1,1,1,1,1,1,1",,8-12
130922,11,21/09/18,10121,06/11/18,Мария ,32,28,16/09/18,24/02/19,"0,0,0,0,0,0,0,0,1,1,1,1,0,1,0,1,0,1,1,0,0,0,0,0,0,0,0,0",25/03/19,8-12
130487,8,21/09/18,6957,02/10/18,Олег,32,24,22/09/18,20/04/19,"0,0,1,1,1,1,1,1,1,1,0,1,1,1,1,0,1,1,1,0,0,1,1,1",,8-12
126123,8,18/09/18,6957,18/09/18,Олег,32,24,22/09/18,20/04/19,"1,1,1,1,1,1,1,1,1,1,1,1,1,1,1,1,1,1,0,1,1,1,1,1",,8-12
123663,10,17/09/18,7730,03/10/18,Мария ,31,22,03/10/18,12/04/19,"1,1,1,1,1,1,1,1,1,0,1,1,1,1,0,1,1,1,1,1,1,0",,8-12
116130,9,14/09/18,6965,17/09/18,Николай,30,27,16/09/18,31/03/19,"0,1,0,0,1,1,1,1,1,1,0,1,1,1,1,1,1,1,1,1,1,1,1,1,0,0,0",,8-12
112264,9,12/09/18,10121,12/09/18,Мария ,32,28,16/09/18,21/04/19,"1,1,1,1,1,1,1,1,1,1,1,1,1,0,0,1,1,1,1,1,1,1,1,1,1,1,0,1",,8-12
112260,10,12/09/18,10121,12/09/18,Мария ,32,28,16/09/18,21/04/19,"1,1,1,0,1,1,1,1,1,1,0,0,1,0,1,1,1,1,1,1,1,1,1,1,1,1,1,1",,8-12
111465,8,12/09/18,7727,12/09/18,Мария ,32,26,16/09/18,21/04/19,"1,1,1,1,1,1,1,1,0,0,1,1,0,1,1,1,1,1,1,1,1,1,1,1,1,1",,8-12
106199,10,10/09/18,6961,22/09/18,Николай,31,28,23/09/18,21/04/19,"1,1,1,1,1,0,1,1,1,1,0,1,1,1,1,1,1,1,1,1,1,1,1,1,1,1,1,0",,8-12
103350,10,07/09/18,11890,13/09/18,Мария ,32,27,15/09/18,14/12/18,"1,1,1,1,1,1,1,1,1,0,0,0,0,0,0,0,0,0,0,0,0,0,0,0,0,0,0",08/12/18,8-12
105997,9,10/09/18,6961,17/09/18,Николай,31,28,23/09/18,29/10/18,"1,1,0,0,0,0,0,0,0,0,0,0,0,0,0,0,0,0,0,0,0,0,0,0,0,0,0,0",12/11/18,8-12
105688,10,10/09/18,10121,23/09/18,Мария ,32,28,16/09/18,21/04/19,"0,1,1,1,1,1,1,1,1,1,1,1,1,1,1,1,1,1,1,0,1,1,1,1,1,1,1,1",,8-12
104989,7,09/09/18,6961,20/01/19,Николай,31,28,23/09/18,20/04/19,"0,0,0,0,0,0,0,0,0,0,0,0,0,0,0,1,1,0,1,1,1,1,0,1,1,0,1,0",,8-12
104806,14,09/09/18,10121,12/09/18,Мария ,32,28,16/09/18,21/04/19,"1,1,1,1,1,1,1,1,0,1,1,1,1,1,0,1,1,1,1,1,1,1,1,1,1,1,1,1",,8-12
104218,8,08/09/18,7727,12/09/18,Мария ,32,26,16/09/18,21/04/19,"1,1,1,1,1,1,1,1,1,1,1,1,0,1,1,1,1,1,1,1,1,1,1,1,1,1",,8-12
104215,9,08/09/18,10121,12/09/18,Мария ,32,28,16/09/18,21/04/19,"1,0,0,1,1,1,1,1,1,1,1,1,0,1,1,1,1,1,1,1,1,1,1,1,1,0,1,1",,8-12
104202,10,08/09/18,6961,13/09/18,Николай,31,28,23/09/18,21/04/19,"1,1,0,1,1,1,1,0,1,1,1,1,1,1,1,1,0,0,1,1,1,1,1,1,1,1,1,1",,8-12
103867,7,08/09/18,13866,21/09/18,Мария ,32,24,22/09/18,08/01/19,"0,0,0,0,0,0,0,0,0,0,0,0,0,0,0,0,0,0,0,0,0,0,0,0",03/10/18,8-12
103354,10,07/09/18,11890,13/09/18,Мария ,32,27,15/09/18,17/02/19,"0,0,0,0,0,0,0,0,0,0,0,0,0,0,0,0,0,0,0,0,0,0,0,0,0,0,0",17/09/18,8-12
103350,10,07/09/18,11890,13/09/18,Мария ,32,27,15/09/18,14/12/18,"1,1,1,1,1,1,1,1,1,0,0,0,0,0,0,0,0,0,0,0,0,0,0,0,0,0,0",08/12/18,8-12
103000,7,07/09/18,17441,22/01/19,Мария ,32,13,23/01/19,07/02/19,"1,0,1,0,0,0,0,0,0,0,0,0,0",11/04/19,8-12
99204,11,04/09/18,6948,10/09/18,Николай,30,27,11/09/18,21/04/19,"1,1,1,1,1,1,1,1,1,1,1,1,1,1,1,1,1,1,1,1,1,1,1,1,1,1,1",,8-12
96225,8,04/09/18,6961,09/09/18,Николай,31,28,23/09/18,21/04/19,"1,1,1,1,1,1,1,1,1,0,1,0,1,1,0,1,0,1,1,0,1,0,1,1,1,0,1,1",,8-12
96046,8,03/09/18,6961,09/09/18,Николай,31,28,23/09/18,18/04/19,"1,1,0,1,1,1,1,1,1,1,1,0,1,1,1,1,1,0,1,1,1,1,1,1,1,1,1,0",,8-12
95848,9,03/09/18,6948,08/09/18,Николай,30,27,11/09/18,16/04/19,"1,1,1,1,1,1,1,1,1,1,1,1,1,1,1,1,1,1,1,1,1,1,1,1,1,1,1",,8-12
94869,8,02/09/18,7727,12/09/18,Мария ,32,26,16/09/18,21/04/19,"1,1,1,1,1,1,1,1,1,1,1,1,1,1,1,1,1,1,1,1,1,1,1,1,1,1",,8-12
94631,7,01/09/18,7727,12/09/18,Мария ,32,26,16/09/18,02/09/18,"0,0,0,0,0,0,0,0,0,0,0,0,0,0,0,0,0,0,0,0,0,0,0,0,0,0",22/09/18,8-12
94626,8,01/09/18,7730,03/10/18,Мария ,31,22,03/10/18,17/04/19,"1,1,1,1,1,1,1,0,1,1,1,1,1,1,1,1,1,1,0,1,1,1",,8-12
94618,8,01/09/18,7727,12/09/18,Мария ,32,26,16/09/18,21/04/19,"1,1,1,1,1,1,1,0,1,1,1,1,0,1,1,1,1,0,1,1,1,1,0,1,1,1",,8-12
94614,8,01/09/18,7727,12/09/18,Мария ,32,26,16/09/18,21/04/19,"0,1,1,0,1,0,1,1,0,1,1,0,1,0,0,1,1,1,1,1,1,1,1,1,1,1",,8-12
94610,8,01/09/18,7730,03/10/18,Мария ,31,22,03/10/18,17/04/19,"1,1,1,1,1,1,1,0,0,1,0,0,1,1,1,1,1,1,0,1,1,1",,8-12
94503,10,01/09/18,10121,12/09/18,Мария ,32,28,16/09/18,09/12/18,"1,1,1,0,1,1,1,1,1,1,0,0,0,0,0,0,0,0,0,0,0,0,0,0,0,0,0,0",09/01/19,8-12
94487,9,01/09/18,6961,08/09/18,Николай,31,28,23/09/18,09/04/19,"1,1,1,1,1,0,1,1,1,1,1,0,1,1,1,1,0,0,1,1,1,1,1,1,1,1,0,0",,8-12
94254,7,01/09/18,13866,21/09/18,Мария ,32,24,22/09/18,20/04/19,"1,1,1,1,0,1,1,1,0,1,1,1,1,1,1,1,1,1,1,1,1,1,1,1",,8-12
93883,8,31/08/18,7727,12/09/18,Мария ,32,26,16/09/18,23/12/18,"1,1,1,1,1,1,1,0,1,1,1,0,0,0,0,0,0,0,0,0,0,0,0,0,0,0",21/02/19,8-12
93855,10,31/08/18,6965,13/09/18,Николай,30,27,16/09/18,21/04/19,"1,1,1,1,1,1,1,1,1,1,1,1,1,1,1,1,0,1,1,1,1,1,1,1,0,1,1",,8-12
93851,11,31/08/18,11890,13/09/18,Мария ,32,27,15/09/18,20/04/19,"1,1,1,1,1,1,1,1,1,1,1,1,1,1,1,1,1,1,1,1,1,1,1,1,1,1,1",,8-12
93843,10,31/08/18,11890,13/09/18,Мария ,32,27,15/09/18,20/04/19,"1,1,1,1,1,1,1,1,0,1,1,1,1,1,1,1,1,1,1,1,1,1,1,1,1,1,1",,8-12
93842,9,31/08/18,11890,13/09/18,Мария ,32,27,15/09/18,20/04/19,"1,1,1,1,1,1,1,1,1,1,1,0,1,1,0,1,1,1,1,1,1,1,1,1,1,1,1",,8-12
93839,9,31/08/18,11890,13/09/18,Мария ,32,27,15/09/18,21/04/19,"1,1,1,1,1,1,1,1,1,1,1,1,1,1,1,1,1,0,1,1,1,1,1,1,0,0,1",,8-12
93835,11,31/08/18,11890,13/09/18,Мария ,32,27,15/09/18,20/04/19,"1,1,1,1,1,1,1,1,1,1,0,1,0,1,1,1,1,0,1,1,1,0,1,1,1,0,1",,8-12
93834,10,31/08/18,11890,13/09/18,Мария ,32,27,15/09/18,20/04/19,"1,1,1,1,1,1,1,1,1,1,1,1,0,1,1,0,1,1,1,1,1,1,1,0,1,1,1",,8-12
93831,9,31/08/18,11890,13/09/18,Мария ,32,27,15/09/18,13/04/19,"1,1,1,1,1,1,1,1,1,1,1,0,1,1,1,1,1,1,0,1,1,1,1,1,1,0,0",,8-12
93827,9,31/08/18,11890,13/09/18,Мария ,32,27,15/09/18,13/04/19,"1,1,1,1,1,1,1,1,1,1,0,0,1,1,1,1,1,1,1,1,1,1,1,1,0,1,0",,8-12
93823,9,31/08/18,6961,08/09/18,Николай,31,28,23/09/18,21/04/19,"1,1,1,1,1,0,1,1,1,1,0,0,1,1,1,1,1,1,0,1,1,0,1,1,1,0,1,1",,8-12
93819,9,31/08/18,11890,13/09/18,Мария ,32,27,15/09/18,20/04/19,"1,1,1,1,1,1,0,1,0,1,0,1,1,1,1,0,0,1,1,1,1,0,1,1,1,1,1",,8-12
93814,7,31/08/18,13866,21/09/18,Мария ,32,24,22/09/18,20/04/19,"1,1,1,1,1,1,1,1,1,1,1,1,0,1,1,1,1,1,1,1,1,1,1,1",,8-12
93810,7,31/08/18,13866,21/09/18,Мария ,32,24,22/09/18,20/04/19,"1,0,1,1,0,1,1,1,1,1,0,1,1,1,1,1,0,0,0,1,1,1,0,1",,8-12
93803,8,31/08/18,13866,21/09/18,Мария ,32,24,22/09/18,15/12/18,"0,0,1,1,1,0,1,1,1,0,0,0,0,0,0,0,0,0,0,0,0,0,0,0",11/01/19,8-12
93798,8,31/08/18,13866,21/09/18,Мария ,32,24,22/09/18,30/03/19,"1,1,1,1,1,1,1,1,1,1,1,1,1,1,1,1,1,1,1,1,1,0,0,0",,8-12
90476,10,30/08/18,6961,13/09/18,Николай,31,28,23/09/18,21/04/19,"1,0,1,1,1,1,1,1,1,1,1,0,0,0,1,1,1,1,1,1,1,1,1,1,1,0,1,1",,8-12
90326,9,29/08/18,6965,29/08/18,Николай,30,27,16/09/18,21/04/19,"0,1,0,0,1,1,1,1,0,0,1,1,1,1,1,1,1,1,0,0,1,1,1,0,0,1,1",,8-12
90322,9,29/08/18,6948,30/08/18,Николай,30,27,11/09/18,21/04/19,"1,1,1,1,1,1,1,1,1,1,1,1,1,1,1,1,0,0,1,1,1,1,1,0,1,1,1",,8-12
90234,11,29/08/18,7730,03/10/18,Мария ,31,22,03/10/18,17/04/19,"1,1,1,1,1,1,1,1,1,1,1,1,0,1,1,0,0,1,1,1,1,1",,8-12
90078,10,29/08/18,6965,31/08/18,Николай,30,27,16/09/18,21/04/19,"1,1,1,1,1,1,1,1,1,1,1,1,1,1,1,1,1,1,0,1,1,1,1,1,1,1,1",,8-12
90070,11,29/08/18,10121,12/09/18,Мария ,32,28,16/09/18,11/01/19,"1,1,1,1,1,1,1,1,1,1,1,1,0,0,0,0,0,0,0,0,0,0,0,0,0,0,0,0",18/02/19,8-12
89617,,28/08/18,6965,30/08/18,Николай,30,27,16/09/18,21/04/19,"0,1,1,1,1,1,1,1,1,1,1,1,0,1,1,1,1,0,1,0,0,1,1,1,1,0,1",,8-12
89612,8,28/08/18,6965,30/08/18,Николай,30,27,16/09/18,14/04/19,"1,1,0,1,1,0,1,1,1,0,1,1,0,1,1,1,0,1,1,1,1,1,0,1,0,1,0",,8-12
89609,10,28/08/18,6965,30/08/18,Николай,30,27,16/09/18,21/04/19,"1,1,0,1,1,1,1,1,1,0,1,1,0,1,1,1,0,1,1,1,1,1,0,1,0,1,1",,8-12
89608,8,28/08/18,12710,12/03/19,Николай,31,21,14/10/18,22/01/19,"0,0,0,0,0,0,0,0,0,0,0,0,0,0,0,0,0,0,0,0,0",15/03/19,8-12
88549,,25/08/18,7727,12/09/18,Мария ,32,26,16/09/18,22/04/19,"1,1,0,1,0,1,1,1,1,1,1,0,1,1,1,1,1,1,1,1,1,1,1,1,1,1",,8-12
88545,9,25/08/18,10121,12/09/18,Мария ,32,28,16/09/18,21/04/19,"1,1,1,1,1,1,1,1,1,1,1,1,1,1,1,1,1,1,1,1,1,1,1,1,1,1,1,1",,8-12
88541,10,25/08/18,10121,12/09/18,Мария ,32,28,16/09/18,23/12/18,"1,1,1,1,1,1,1,1,1,1,1,1,1,0,0,0,0,0,0,0,0,0,0,0,0,0,0,0",24/01/19,8-12
88533,11,25/08/18,10121,12/09/18,Мария ,32,28,16/09/18,21/04/19,"1,1,1,1,1,1,1,1,1,1,1,1,1,1,1,1,1,1,0,1,1,1,1,1,1,1,1,1",,8-12
88532,7,25/08/18,7727,12/09/18,Мария ,32,26,16/09/18,21/04/19,"1,1,1,1,1,1,0,1,1,0,1,1,1,1,1,1,1,1,1,1,1,1,1,1,1,1",,8-12
88529,8,25/08/18,7727,12/09/18,Мария ,32,26,16/09/18,21/04/19,"1,1,1,1,1,1,0,1,1,0,1,1,1,1,1,1,1,0,1,1,1,1,1,1,1,1",,8-12
88520,10,25/08/18,10121,12/09/18,Мария ,32,28,16/09/18,04/11/18,"1,1,0,1,1,0,1,0,0,0,0,0,0,0,0,0,0,0,0,0,0,0,0,0,0,0,0,0",06/11/18,8-12
87315,11,24/08/18,6948,01/09/18,Николай,30,27,11/09/18,03/10/18,"1,1,1,0,0,0,0,0,0,0,0,0,0,0,0,0,0,0,0,0,0,0,0,0,0,0,0",16/10/18,8-12
81558,8,20/08/18,6957,06/09/18,Олег,32,24,22/09/18,30/03/19,"1,1,0,1,1,1,1,1,1,1,1,1,1,1,1,1,1,1,1,0,1,0,0,0",,8-12
80886,8,17/08/18,6957,19/08/18,Олег,32,24,22/09/18,19/08/18,"0,0,0,0,0,0,0,0,0,0,0,0,0,0,0,0,0,0,0,0,0,0,0,0",25/09/18,8-12
80272,10,15/08/18,6948,17/08/18,Николай,30,27,11/09/18,16/04/19,"1,1,1,1,1,0,1,1,1,1,1,1,0,1,1,0,1,0,0,1,1,1,1,1,1,1,1",,8-12
80273,10,15/08/18,6948,17/08/18,Николай,30,27,11/09/18,16/04/19,"1,1,1,1,1,0,1,1,1,1,1,1,0,1,1,0,1,0,0,1,1,1,1,1,1,1,1",,8-12
80055,10,14/08/18,10121,12/09/18,Мария ,32,28,16/09/18,,"0,0,0,0,0,0,0,0,0,0,0,0,0,0,0,0,0,0,0,0,0,0,0,0,0,0,0,0",18/09/18,8-12
78918,9,11/08/18,7727,19/08/18,Мария ,32,26,16/09/18,21/04/19,"0,1,1,0,1,1,1,1,1,1,1,0,1,1,1,1,1,1,1,0,0,1,1,1,1,1",,8-12
78616,10,09/08/18,6961,12/09/18,Николай,31,28,23/09/18,21/04/19,"1,1,1,1,1,1,1,1,1,1,1,1,1,1,1,1,1,1,1,1,1,1,0,1,1,1,1,1",,8-12
78366,10,08/08/18,17441,23/01/19,Мария ,32,13,23/01/19,27/02/19,"1,1,0,1,1,1,0,0,0,0,0,0,0",26/03/19,8-12
75667,10,08/08/18,6948,04/09/18,Николай,30,27,11/09/18,17/04/19,"1,1,1,0,1,1,1,1,0,0,1,1,1,1,1,1,1,1,0,1,1,1,1,1,1,0,0",,8-12
75553,10,06/08/18,6961,09/09/18,Николай,31,28,23/09/18,21/04/19,"1,1,1,1,1,1,1,1,0,1,1,1,1,1,1,1,1,0,1,1,1,1,0,1,1,0,1,1",,8-12
75549,10,06/08/18,12710,01/10/18,Николай,31,21,14/10/18,07/08/18,"0,0,0,0,0,0,0,0,0,0,0,0,0,0,0,0,0,0,0,0,0",14/10/18,8-12
75537,10,06/08/18,12710,01/10/18,Николай,31,21,14/10/18,10/03/19,"1,1,1,1,1,1,1,1,1,0,1,1,0,1,1,1,0,0,0,0,0",21/03/19,8-12
75493,8,06/08/18,12710,01/10/18,Николай,31,21,14/10/18,21/04/19,"1,0,0,1,1,1,0,1,1,0,1,1,0,1,1,1,1,1,1,1,1",,8-12
75349,9,03/08/18,6948,27/01/19,Николай,30,27,11/09/18,16/04/19,"0,0,0,0,0,0,0,0,0,0,0,0,0,0,0,0,0,0,0,1,0,0,1,1,1,0,1",,8-12
75348,8,03/08/18,6957,10/09/18,Олег,32,24,22/09/18,20/04/19,"1,1,1,1,1,1,1,1,1,1,1,1,1,1,1,0,1,1,1,1,1,1,0,1",,8-12
75344,8,03/08/18,6957,07/08/18,Олег,32,24,22/09/18,20/04/19,"1,1,1,1,1,1,1,1,1,0,1,0,1,0,1,1,1,0,1,1,1,1,1,1",,8-12
75341,7,03/08/18,6948,10/09/18,Николай,30,27,11/09/18,13/01/19,"1,1,1,1,1,1,1,1,1,1,1,1,1,1,0,0,0,0,0,0,0,0,0,0,0,0,0",29/01/19,8-12
75337,8,03/08/18,6957,10/09/18,Олег,32,24,22/09/18,13/10/18,"0,1,1,0,0,0,0,0,0,0,0,0,0,0,0,0,0,0,0,0,0,0,0,0",19/10/18,8-12
75336,10,03/08/18,6948,07/08/18,Николай,30,27,11/09/18,21/04/19,"1,1,1,1,1,1,1,0,1,1,1,1,0,1,0,1,1,1,1,1,1,1,1,1,1,1,1",,8-12
75300,9,31/07/18,6948,06/08/18,Николай,30,27,11/09/18,16/04/19,"1,1,1,1,1,1,1,1,1,1,1,1,1,1,1,1,1,1,1,0,1,1,1,1,1,1,1",,8-12
75181,10,31/07/18,6965,06/08/18,Николай,30,27,16/09/18,21/04/19,"1,1,1,1,1,0,1,1,0,1,1,1,1,0,1,1,1,1,0,1,1,1,1,1,1,1,1",,8-12
75161,10,31/07/18,6965,07/08/18,Николай,30,27,16/09/18,21/04/19,"1,1,1,1,1,1,1,1,1,1,1,0,1,1,1,1,1,1,1,1,1,1,1,1,1,1,1",,8-12
75152,9,31/07/18,6948,06/08/18,Николай,30,27,11/09/18,16/04/19,"1,1,1,1,1,1,1,1,1,1,1,1,1,1,1,1,1,1,1,0,1,1,1,1,1,1,1",,8-12
75145,10,31/07/18,6948,27/01/19,Николай,30,27,11/09/18,16/04/19,"0,0,0,0,0,0,0,0,0,0,0,0,0,0,0,0,1,1,0,1,1,1,1,1,1,0,1",,8-12
75144,10,31/07/18,6948,03/09/18,Николай,30,27,11/09/18,16/04/19,"1,1,1,0,1,1,1,1,1,0,1,1,0,0,0,1,1,1,1,1,1,1,1,1,1,0,1",,8-12